Feature,Importance
Hour_Cos,0.49696371677739787
Hour_Sin,0.3348914514277655
V,0.0449993324543118
Wind_Direction (°),0.036765958421703146
Longitude,0.0305520192882077
Latitude,0.03002201348475273
U,0.01316730099144957
Wind_Speed (m/s),0.012638207154411541
